{
  "retrieval": {
    "means": {
      "fixed": {
        "recall_at_5": 0.935,
        "mrr_at_5": 0.7787499999999998,
        "query_count": 400
      },
      "structure": {
        "recall_at_5": 0.9325,
        "mrr_at_5": 0.7684583333333334,
        "query_count": 400
      },
      "semantic": {
        "recall_at_5": 0.955,
        "mrr_at_5": 0.7759583333333333,
        "query_count": 400
      }
    },
    "tests": {
      "recall_at_5": {
        "metric": "recall_at_5",
        "method": "cochran_q",
        "statistic": 6.9523809523809526,
        "df": 2.0,
        "p_value": 0.03092499642856811,
        "kendalls_w": 0.008690476190476191,
        "condition_means": {
          "fixed": 0.935,
          "semantic": 0.955,
          "structure": 0.9325
        }
      },
      "mrr_at_5": {
        "metric": "mrr_at_5",
        "method": "friedman",
        "normality": {
          "status": "ok",
          "statistic": 0.7707464873567956,
          "p_value": 6.123514694646063e-38
        },
        "chi2": 0.9336283185843285,
        "p_value": 0.6269966010779845,
        "kendalls_w": 0.0011670353982304105
      }
    }
  },
  "answer_quality": {
    "condition_means": {
      "fixed|gpt-4.1-mini": {
        "n": 400,
        "faithfulness": {
          "mean": 0.8911518434050533,
          "median": 1.0,
          "sd": 0.22503870614202306
        },
        "answer_relevancy": {
          "mean": 0.7468224330366229,
          "median": 0.8345702963000365,
          "sd": 0.2510375349083215
        },
        "context_utilization": {
          "mean": 0.7993715277232866,
          "median": 0.9999999999,
          "sd": 0.30703942350904234
        }
      },
      "fixed|open-mistral-nemo-2407": {
        "n": 400,
        "faithfulness": {
          "mean": 0.7935717790957224,
          "median": 1.0,
          "sd": 0.3217854434931317
        },
        "answer_relevancy": {
          "mean": 0.7101640379914939,
          "median": 0.8106393800837891,
          "sd": 0.2530857855833322
        },
        "context_utilization": {
          "mean": 0.7400729166148281,
          "median": 0.9999999999,
          "sd": 0.35089717929604436
        }
      },
      "structure|gpt-4.1-mini": {
        "n": 400,
        "faithfulness": {
          "mean": 0.8871960185718738,
          "median": 1.0,
          "sd": 0.22679624605987328
        },
        "answer_relevancy": {
          "mean": 0.7345983970630683,
          "median": 0.8287075652519521,
          "sd": 0.258903627407379
        },
        "context_utilization": {
          "mean": 0.7824166666126857,
          "median": 0.9999999999,
          "sd": 0.3233267661398765
        }
      },
      "structure|open-mistral-nemo-2407": {
        "n": 400,
        "faithfulness": {
          "mean": 0.7706195757498038,
          "median": 1.0,
          "sd": 0.3343718081716391
        },
        "answer_relevancy": {
          "mean": 0.6978863749212628,
          "median": 0.7998462579713033,
          "sd": 0.26034778245061
        },
        "context_utilization": {
          "mean": 0.7351180555043466,
          "median": 0.9999999999,
          "sd": 0.35501095511800046
        }
      },
      "semantic|gpt-4.1-mini": {
        "n": 400,
        "faithfulness": {
          "mean": 0.8849160813348701,
          "median": 1.0,
          "sd": 0.22946320784407215
        },
        "answer_relevancy": {
          "mean": 0.7390464613482888,
          "median": 0.8270550389184018,
          "sd": 0.25249066784345986
        },
        "context_utilization": {
          "mean": 0.7737847221688162,
          "median": 0.9999999999,
          "sd": 0.331266389836205
        }
      },
      "semantic|open-mistral-nemo-2407": {
        "n": 400,
        "faithfulness": {
          "mean": 0.7858168599123806,
          "median": 1.0,
          "sd": 0.325725010609962
        },
        "answer_relevancy": {
          "mean": 0.7196486996809969,
          "median": 0.8156095106736521,
          "sd": 0.23989383527083638
        },
        "context_utilization": {
          "mean": 0.7231527777284076,
          "median": 0.9749999999381249,
          "sd": 0.3620362698727164
        }
      }
    },
    "two_way_effects": {
      "faithfulness": {
        "metric": "faithfulness",
        "normality": {
          "status": "ok",
          "statistic": 0.8724080767511628,
          "p_value": 1.582993319128965e-40
        },
        "primary": {
          "method": "two_way_rm_anova",
          "effects": {
            "strategy": {
              "f_value": 1.1413922912459025,
              "num_df": 2.0,
              "den_df": 798.0,
              "p_value": 0.3198948771168292,
              "partial_eta_squared": 0.00285247243408183,
              "magnitude": "negligible"
            },
            "model": {
              "f_value": 68.56374053644528,
              "num_df": 1.0,
              "den_df": 399.0,
              "p_value": 1.8741872243903216e-15,
              "partial_eta_squared": 0.14664041411290946,
              "magnitude": "large"
            },
            "strategy:model": {
              "f_value": 0.7650267656980176,
              "num_df": 2.0,
              "den_df": 798.0,
              "p_value": 0.46566243961533604,
              "partial_eta_squared": 0.0019136910797011748,
              "magnitude": "negligible"
            }
          }
        },
        "robustness": {
          "method": "art_approximation",
          "effects": {
            "strategy": {
              "f_value": 7.824128228895144,
              "num_df": 2.0,
              "den_df": 798.0,
              "p_value": 0.00043143074526576713,
              "partial_eta_squared": 0.01923221285560768,
              "magnitude": "small"
            },
            "model": {
              "f_value": 81.44064687817529,
              "num_df": 1.0,
              "den_df": 399.0,
              "p_value": 7.733763857568856e-18,
              "partial_eta_squared": 0.16951239951774122,
              "magnitude": "large"
            },
            "strategy:model": {
              "f_value": 7.01078043916507,
              "num_df": 2.0,
              "den_df": 798.0,
              "p_value": 0.0009587312416432485,
              "partial_eta_squared": 0.017267473616296096,
              "magnitude": "small"
            }
          }
        }
      },
      "answer_relevancy": {
        "metric": "answer_relevancy",
        "normality": {
          "status": "ok",
          "statistic": 0.892868178407096,
          "p_value": 5.637804480779109e-38
        },
        "primary": {
          "method": "two_way_rm_anova",
          "effects": {
            "strategy": {
              "f_value": 2.533727947751683,
              "num_df": 2.0,
              "den_df": 798.0,
              "p_value": 0.08000093073788488,
              "partial_eta_squared": 0.0063101248323562415,
              "magnitude": "negligible"
            },
            "model": {
              "f_value": 4.978799730295078,
              "num_df": 1.0,
              "den_df": 399.0,
              "p_value": 0.026214687777676934,
              "partial_eta_squared": 0.012324408443262448,
              "magnitude": "small"
            },
            "strategy:model": {
              "f_value": 1.067064764062277,
              "num_df": 2.0,
              "den_df": 798.0,
              "p_value": 0.34450714389067383,
              "partial_eta_squared": 0.0026672147198409687,
              "magnitude": "negligible"
            }
          }
        },
        "robustness": {
          "method": "art_approximation",
          "effects": {
            "strategy": {
              "f_value": 4.209739147311836,
              "num_df": 2.0,
              "den_df": 798.0,
              "p_value": 0.015181370489469775,
              "partial_eta_squared": 0.010440569109799744,
              "magnitude": "small"
            },